"Audience","Topic","Subtopic","Article","Keywords"
"For Reviewers","[Featured] New to Trustpilot","","Who can write a review",""
"For Reviewers","[Featured] New to Trustpilot","","Quick start guide",""
"For Reviewers","[Featured] New to Trustpilot","","Create a profile",""
"For Reviewers","[Featured] Trustpilot reviews 101","","Write a review",""
"For Reviewers","[Featured] Trustpilot reviews 101","","Edit or delete a review","delete review"
"For Reviewers","[Featured] Trustpilot reviews 101","","Tips for writing reviews",""
"For Reviewers","[Featured] How to use Trustpilot","","Discover new businesses",""
"For Reviewers","[Featured] How to use Trustpilot","","Tips for using Trustpilot",""
"For Reviewers","[Featured] How to use Trustpilot","","Shop smarter using reviews",""
"For Reviewers","Announcements","","","(empty — pending)"
"For Reviewers","About Trustpilot","Contact Us","Add attachments to an email",""
"For Reviewers","About Trustpilot","Contact Us","EU Digital Services Act: Contact points on Trustpilot",""
"For Reviewers","About Trustpilot","Contact Us","How can I appeal a decision made by the Content Integrity Team?",""
"For Reviewers","About Trustpilot","Contact Us","How do I contact Trustpilot?",""
"For Reviewers","About Trustpilot","Contact Us","How to take a screenshot",""
"For Reviewers","About Trustpilot","How Trustpilot works for you","Do businesses pay to use Trustpilot?",""
"For Reviewers","About Trustpilot","How Trustpilot works for you","How can reviews improve your online shopping experiences?",""
"For Reviewers","About Trustpilot","How Trustpilot works for you","How does Trustpilot's business model work?",""
"For Reviewers","Create your profile","","Change or remove your profile picture",""
"For Reviewers","Create your profile","","Choose a username",""
"For Reviewers","Create your profile","","Create a Trustpilot reviewer profile",""
"For Reviewers","Create your profile","","Tips for using Trustpilot",""
"For Reviewers","Create your profile","","Verify your identity with photo ID",""
"For Reviewers","Navigating Trustpilot","Social sharing","Share your Trustpilot reviews",""
"For Reviewers","Navigating Trustpilot","Searching on Trustpilot","Find and explore categories",""
"For Reviewers","Navigating Trustpilot","Searching on Trustpilot","Trustpilot's Google Chrome Extension",""
"For Reviewers","Navigating Trustpilot","Business profile pages and review labels","Company activity - See how every business uses Trustpilot",""
"For Reviewers","Navigating Trustpilot","Business profile pages and review labels","Filter a business's reviews",""
"For Reviewers","Navigating Trustpilot","Business profile pages and review labels","Merged business profiles on Trustpilot",""
"For Reviewers","Navigating Trustpilot","Business profile pages and review labels","Why are some reviews marked ""Verified""?","verified"
"For Reviewers","Navigating Trustpilot","","Can I trust Trustpilot reviews on business websites?",""
"For Reviewers","Your Trustpilot account","","Change or reset your Trustpilot user account password","password; forgot password; reset password; user password"
"For Reviewers","Your Trustpilot account","","Change your Trustpilot reviewer account email","email"
"For Reviewers","Your Trustpilot account","","Delete your Trustpilot reviewer account","delete account"
"For Reviewers","Your Trustpilot account","","I can't log in to my reviewer account","login; log in; can't log in"
"For Reviewers","Your Trustpilot account","","I have two user profiles on Trustpilot. Can I merge them?","merge accounts"
"For Reviewers","Your Trustpilot account","","Manage your personal and email settings",""
"For Reviewers","Writing Reviews","How to write reviews","Be the first to review a business",""
"For Reviewers","Writing Reviews","How to write reviews","Review a business multiple times",""
"For Reviewers","Writing Reviews","How to write reviews","Write a review",""
"For Reviewers","Writing Reviews","Manage and Edit your reviews","Edit or delete your review",""
"For Reviewers","Writing Reviews","Manage and Edit your reviews","Find and manage your reviews",""
"For Reviewers","Writing Reviews","Manage and Edit your reviews","Find and respond to your review invitations",""
"For Reviewers","Writing Reviews","Manage and Edit your reviews","How to delete your product review picture or video",""
"For Reviewers","Writing Reviews","Tips","How to take photos and videos for product reviews",""
"For Reviewers","Writing Reviews","Tips","Tips for writing location reviews",""
"For Reviewers","Writing Reviews","Tips","Tips for writing product reviews",""
"For Reviewers","Writing Reviews","","Who can write a review and when?",""
"For Reviewers","Flagging","How to flag a review","How do we handle misuse of the review flagging tool for consumers?",""
"For Reviewers","Flagging","My review was flagged","I've been asked to update my review or provide more info",""
"For Reviewers","Flagging","Whistleblower","Does Trustpilot have a whistleblower function?",""
"For Reviewers","Privacy","","Delete your review invitations data",""
"For Reviewers","Privacy","","How to access, download, correct, or delete your personal data",""
"For Reviewers","Privacy","","The GDPR and data protection requirements for businesses","gdpr"
"For Reviewers","Privacy","","What's the retention period of reviews?",""
"For Businesses","Getting started with Trustpilot Business","Starter plan","Getting started with Trustpilot's Starter plan",""
"For Businesses","Getting started with Trustpilot Business","Premium plan","Getting started with Trustpilot's Premium plan",""
"For Businesses","Getting started with Trustpilot Business","Plus plan","Getting started with Trustpilot's Plus plan",""
"For Businesses","Getting started with Trustpilot Business","Free plan","Getting started with Trustpilot's Free plan",""
"For Businesses","How Trustpilot works","About","Trustpilot's review labels",""
"For Businesses","How Trustpilot works","About","Your business profile page",""
"For Businesses","How Trustpilot works","Protecting the platform","New EU laws on reviews - What they mean for businesses using Trustpilot","eu laws"
"For Businesses","How Trustpilot works","Protecting the platform","Teams behind Trust at Trustpilot",""
"For Businesses","How Trustpilot works","Help","Contact your account manager",""
"For Businesses","How Trustpilot works","Help","How to contact Trustpilot",""
"For Businesses","How Trustpilot works","Help","Trustpilot's Support Team",""
"For Businesses","How Trustpilot works","","Trustpilot's April 2026 product launch",""
"For Businesses","Account management","Set up your account","Customize your business profile",""
"For Businesses","Account management","Set up your account","Claim your business profile",""
"For Businesses","Account management","Manage your account","Manage multiple domains or businesses",""
"For Businesses","Account management","Manage your account","Manage review notifications",""
"For Businesses","Account management","Manage your account","Manage Trustpilot Business users",""
"For Businesses","Account management","Manage your account","Roles and permissions overview","roles; permissions"
"For Businesses","Account management","Manage your account","Set up custom roles",""
"For Businesses","Account management","Manage your account","Turn off auto-renewal for your Trustpilot Business plan","auto-renewal"
"For Businesses","Account management","Login and password","Change your Trustpilot Business account email","email"
"For Businesses","Account management","Login and password","Change your Trustpilot Business account password","password; reset password"
"For Businesses","Account management","Login and password","I can't access my Trustpilot Business account",""
"For Businesses","Account management","Login and password","Log in to your Trustpilot Business account","login; log in"
"For Businesses","Account management","Login and password","New login method to Trustpilot Business - FAQ",""
"For Businesses","Account management","Billing","Manage your billing details",""
"For Businesses","Account management","Billing","Purchase add-ons or upgrade your plan",""
"For Businesses","Account management","Billing","Set up automatic billing",""
"For Businesses","Account management","Billing","How can I pay my Trustpilot invoice?","invoice"
"For Businesses","Account management","Billing","Your Trustpilot invoice explained","invoice"
"For Businesses","Account management","Subscription Management","","(empty — pending)"
"For Businesses","Get reviews","Request reviews automatically","Automate review invitations using Google Tag Manager","gtm; google tag manager"
"For Businesses","Get reviews","Request reviews automatically","Embedded Review Form with Unique Link",""
"For Businesses","Get reviews","Request reviews automatically","Trustpilot's automatic invitation methods",""
"For Businesses","Get reviews","Request reviews manually","Send product review invitations by importing a customer data file",""
"For Businesses","Get reviews","Request reviews manually","Send service review invitations by importing a customer data file",""
"For Businesses","Get reviews","Request reviews manually","Trustpilot's manual invitation methods",""
"For Businesses","Get reviews","Request reviews manually","What to do when your manual invitation access ends",""
"For Businesses","Get reviews","Request reviews using methods outside of Trustpilot's system","Send invitations with a Business API link","api"
"For Businesses","Get reviews","Request reviews using methods outside of Trustpilot's system","Troubleshoot Business Generated Links",""
"For Businesses","Get reviews","Request reviews using methods outside of Trustpilot's system","What are Business Generated Links?",""
"For Businesses","Get reviews","Manage your review invitations","Add Trustpilot to your SPF record","spf"
"For Businesses","Get reviews","Manage your review invitations","Configure your invitation email settings",""
"For Businesses","Get reviews","Manage your review invitations","Configure your invitation time and delivery settings",""
"For Businesses","Get reviews","Manage your review invitations","Customize your invitation template",""
"For Businesses","Get reviews","Manage your review invitations","Get more customer feedback with multiple reviews",""
"For Businesses","Get reviews","Manage your review invitations","How we review your email invitation templates",""
"For Businesses","Get reviews","Manage your review invitations","Invitation optimizer",""
"For Businesses","Get reviews","Manage your review invitations","Invitation status overview",""
"For Businesses","Get reviews","Manage your review invitations","Manage your sent invitations",""
"For Businesses","Get reviews","Manage your review invitations","Turn off tracking pixels in review invitations","tracking pixels"
"For Businesses","Get reviews","Guidelines + tips","Collect reviews on business premises",""
"For Businesses","Get reviews","Guidelines + tips","Tips for businesses",""
"For Businesses","Get reviews","","Invitation Add-on Module",""
"For Businesses","Get reviews","","Set up an In-app review collector",""
"For Businesses","Get reviews","","Trustpilot invitation methods",""
"For Businesses","Automatic Feedback Service","Standard AFS guides","Automatic Feedback Service - FAQ","afs faq"
"For Businesses","Automatic Feedback Service","Standard AFS guides","Automatic Feedback Service (AFS)","afs"
"For Businesses","Automatic Feedback Service","Standard AFS guides","Collect reviews throughout your customer journey with Automatic Feedback Service (AFS)","afs"
"For Businesses","Automatic Feedback Service","Standard AFS guides","Set up Automatic Feedback Service (AFS) using a BCC field","afs; bcc"
"For Businesses","Automatic Feedback Service","Standard AFS guides","Set up Automatic Feedback Service (AFS) using a separate trigger email","afs"
"For Businesses","Automatic Feedback Service","Standard AFS guides","What is Automatic Feedback Service?","afs"
"For Businesses","Automatic Feedback Service","Ecommerce AFS guides","Use Automatic Feedback Service with the Shopify Flow app","afs; shopify"
"For Businesses","Manage Reviews","Service reviews","Get started with service reviews",""
"For Businesses","Manage Reviews","Service reviews","Manage your service reviews",""
"For Businesses","Manage Reviews","Service reviews","Review follow-up",""
"For Businesses","Manage Reviews","Service reviews","Tag your service reviews","tags"
"For Businesses","Manage Reviews","Service reviews","Trustpilot's Review spotlight",""
"For Businesses","Manage Reviews","Product reviews","Import third-party product reviews to Trustpilot",""
"For Businesses","Manage Reviews","Product reviews","Manage your product catalog",""
"For Businesses","Manage Reviews","Product reviews","Prepare your product catalog CSV file","csv"
"For Businesses","Manage Reviews","Product reviews","Product review pages (Beta)",""
"For Businesses","Manage Reviews","Product reviews","Set up your product catalog",""
"For Businesses","Manage Reviews","Location reviews","Get started with location reviews",""
"For Businesses","Manage Reviews","Location reviews","How to create a CSV file for locations","csv"
"For Businesses","Manage Reviews","Location reviews","Location reviews - FAQ",""
"For Businesses","Manage Reviews","Location reviews","Manage your business locations",""
"For Businesses","Manage Reviews","Location reviews","Set up location review invitations",""
"For Businesses","Manage Reviews","Manage your reviews","How to reply to reviews",""
"For Businesses","Manage Reviews","Manage your reviews","How to request information from reviewers",""
"For Businesses","Manage Reviews","","Tips for replying to reviews",""
"For Businesses","Manage Reviews","","Use AI-assisted replies to respond to reviews","ai replies"
"For Businesses","Analytics","Performance","Analytics explorer",""
"For Businesses","Analytics","Performance","Invitation analytics",""
"For Businesses","Analytics","Performance","Reply analytics",""
"For Businesses","Analytics","Performance","Service reviews analytics",""
"For Businesses","Analytics","Review insights","Trustpilot Analytics: Review Insights - Locations","locations"
"For Businesses","Analytics","Review insights","Trustpilot Analytics: Review Insights - Spotlight report","spotlight report"
"For Businesses","Analytics","Review insights","Trustpilot Analytics: Review Insights - Topics","topics"
"For Businesses","Analytics","Review insights","Trustpilot Analytics: Review Insights - TrustScore forecast","trustscore forecast"
"For Businesses","Analytics","Engagement","AI search analytics",""
"For Businesses","Analytics","Engagement","Trustpilot Analytics: Organic reach","organic reach"
"For Businesses","Analytics","Engagement","Trustpilot Analytics: Profile engagement","profile engagement"
"For Businesses","Analytics","Engagement","Trustpilot Analytics: Search engagement","search engagement"
"For Businesses","Analytics","Engagement","Trustpilot Analytics: SEO reach","seo reach"
"For Businesses","Analytics","Engagement","Trustpilot Analytics: Visitor insights","visitor insights"
"For Businesses","Analytics","Engagement","Trustpilot Analytics: Widgets engagement","widgets engagement"
"For Businesses","Analytics","Market","Market insights",""
"For Businesses","Analytics","Market","Trustpilot Analytics: Market peers","market peers"
"For Businesses","Analytics","Market","Trustpilot Analytics: Market topics","market topics"
"For Businesses","Analytics","Market","Trustpilot Analytics: Market trends","market trends"
"For Businesses","Analytics","Market","Trustpilot Analytics: My competitors","my competitors; competitors"
"For Businesses","Analytics","","Custom dashboards",""
"For Businesses","Share & Promote","","Create a Trustpilot asset",""
"For Businesses","Share & Promote","","Share your rating and reviews on Facebook and Instagram","facebook; instagram; social media"
"For Businesses","Share & Promote","","Share your rating and reviews on Pinterest","pinterest; social media"
"For Businesses","Share & Promote","","Style guidelines for Trustpilot's marketing assets","style guidelines; brand"
"For Businesses","Share & Promote","","Trustpilot and Google store ratings","google; store ratings"
"For Businesses","Share & Promote","","Trustpilot best practices for AI visibility","ai visibility"
"For Businesses","Share & Promote","","Trustpilot Business and AI – FAQ","ai faq"
"For Businesses","Share & Promote","","Trustpilot's Marketing assets","marketing assets"
"For Businesses","TrustBox Widgets","How to add a widget","Accessibility for TrustBox widgets","accessibility"
"For Businesses","TrustBox Widgets","How to add a widget","Add a service review TrustBox widget","service review widget"
"For Businesses","TrustBox Widgets","How to add a widget","Add a TrustBox Newsletter widget to your email campaigns","newsletter widget; email campaigns"
"For Businesses","TrustBox Widgets","Widget overview and FAQ","TrustBox widget overview",""
"For Businesses","TrustBox Widgets","Widget overview and FAQ","Where to place TrustBox widgets on your website","placement"
"For Businesses","TrustBox Widgets","","What is a TrustBox widget?",""
"For Businesses","Integrations","Ecommerce","Trustpilot's OpenCart 3.0 integration","opencart"
"For Businesses","Integrations","Ecommerce","Trustpilot's PrestaShop integration","prestashop"
"For Businesses","Integrations","Ecommerce","Trustpilot's Shopify app","shopify"
"For Businesses","Integrations","Ecommerce","Upgrade to the new Trustpilot app for Shopify","shopify"
"For Businesses","Integrations","Payment & CRM","How to upgrade from Trustpilot's Salesforce integration 1.13 to 1.14","salesforce"
"For Businesses","Integrations","Payment & CRM","Trustpilot's Salesforce integration (1.14 and above)","salesforce"
"For Businesses","Integrations","Payment & CRM","Trustpilot's HubSpot integration","hubspot"
"For Businesses","Integrations","Developer tools","Create a custom TrustBox widget using Trustpilot APIs","api; custom widget"
"For Businesses","Integrations","Developer tools","Send invitations using a Trustpilot API Invitation","api; invitations"
"For Businesses","Integrations","Developer tools","Trustpilot APIs - Service Review Integration Guidelines","api; service review"
"For Businesses","Integrations","Marketing","Partner-built integration overview","partner-built"
"For Businesses","Integrations","Marketing","Trustpilot's Klaviyo integration","klaviyo"
"For Businesses","Integrations","Marketing","Trustpilot's Mailchimp integration","mailchimp"
"For Businesses","Integrations","Marketing","Trustpilot's Google Tag Manager integration","google tag manager; gtm"
"For Businesses","Integrations","Marketing","Trustpilot's Hootsuite integration","hootsuite"
"For Businesses","Integrations","Customer support","Trustpilot's Slack integration","slack"
"For Businesses","Integrations","Customer support","Trustpilot's Zendesk integration","zendesk"
"For Businesses","Integrations","","Trustpilot's integration overview",""